{
    "pets": {
        "model_path": "E:\\Projects\\RL\\HW3_ModelBase\\PETS_models\\pets_model_ep105.pth",
        "mean_return": 112.60513331785714,
        "std_return": 80.9501071383526,
        "returns": [
            178.83071943880455,
            247.47309405273293,
            217.143193435287,
            70.54200302440172,
            47.93184062959314,
            193.08864398673222,
            42.152921099294055,
            50.30587807153958,
            40.23408512165994,
            38.34895431852615
        ],
        "num_episodes": 10
    }
}